indice_original,precio_real,prediccion,error,error_absoluto,error_pct,conjunto
1151,538000.0,490046.44,-47953.562,47953.562,-8.913301,Train
719,385000.0,340915.38,-44084.625,44084.625,-11.450552,Train
290,410000.0,373657.56,-36342.438,36342.438,-8.864009,Train
537,555000.0,519134.88,-35865.125,35865.125,-6.462185,Train
208,501837.0,466413.62,-35423.375,35423.375,-7.058741,Train
539,625000.0,590672.75,-34327.25,34327.25,-5.49236,Train
173,745000.0,711837.94,-33162.062,33162.062,-4.4512835,Train
736,345000.0,315827.56,-29172.438,29172.438,-8.455779,Train
763,440000.0,411248.3,-28751.688,28751.688,-6.5344744,Train
882,466500.0,440221.5,-26278.5,26278.5,-5.633119,Train
751,402861.0,376863.62,-25997.375,25997.375,-6.4531875,Train
415,94750.0,117301.36,22551.36,22551.36,23.800907,Train
491,426000.0,403508.28,-22491.719,22491.719,-5.2797465,Train
145,485000.0,462638.88,-22361.125,22361.125,-4.6105413,Train
59,380000.0,358438.25,-21561.75,21561.75,-5.6741447,Train
964,235000.0,214230.56,-20769.438,20769.438,-8.838058,Train
272,333168.0,313131.7,-20036.312,20036.312,-6.0138764,Train
96,340000.0,320211.56,-19788.438,19788.438,-5.8201284,Train
314,299800.0,280371.53,-19428.469,19428.469,-6.4804764,Train
1115,279500.0,260707.23,-18792.766,18792.766,-6.7237086,Train
830,342643.0,324118.62,-18524.375,18524.375,-5.4063196,Train
495,160000.0,141899.5,-18100.5,18100.5,-11.312813,Train
453,269790.0,287200.44,17410.438,17410.438,6.4533296,Train
416,320000.0,303937.25,-16062.75,16062.75,-5.0196095,Train
1093,412500.0,396501.4,-15998.594,15998.594,-3.878447,Train
274,354000.0,338016.5,-15983.5,15983.5,-4.515113,Train
833,309000.0,293257.53,-15742.469,15742.469,-5.0946503,Train
482,320000.0,304370.0,-15630.0,15630.0,-4.884375,Train
748,228950.0,213345.22,-15604.781,15604.781,-6.815803,Train
580,242000.0,226460.84,-15539.156,15539.156,-6.421139,Train
514,84500.0,99991.914,15491.914,15491.914,18.333626,Train
109,402000.0,386908.12,-15091.875,15091.875,-3.7541978,Train
845,86000.0,100954.37,14954.367,14954.367,17.3888,Train
817,375000.0,360151.5,-14848.5,14848.5,-3.9596,Train
601,37900.0,52425.883,14525.883,14525.883,38.326866,Train
960,359100.0,344675.16,-14424.844,14424.844,-4.0169435,Train
484,76500.0,90480.66,13980.656,13980.656,18.275368,Train
875,91500.0,105476.19,13976.1875,13976.1875,15.274522,Train
103,446261.0,432559.3,-13701.6875,13701.6875,-3.0703304,Train
138,62383.0,75886.4,13503.398,13503.398,21.64596,Train
86,85400.0,98731.16,13331.156,13331.156,15.610253,Train
206,52000.0,64885.25,12885.25,12885.25,24.779327,Train
847,272000.0,259263.06,-12736.9375,12736.9375,-4.682698,Train
1126,378500.0,365839.44,-12660.5625,12660.5625,-3.3449306,Train
913,124500.0,137137.67,12637.672,12637.672,10.150741,Train
724,239000.0,226403.16,-12596.844,12596.844,-5.270646,Train
1060,394432.0,382349.3,-12082.6875,12082.6875,-3.0633132,Train
902,256000.0,243974.78,-12025.219,12025.219,-4.697351,Train
1152,100000.0,111978.695,11978.695,11978.695,11.978695,Train
137,263000.0,251048.22,-11951.781,11951.781,-4.5444036,Train
877,97500.0,109423.73,11923.727,11923.727,12.229463,Train
478,97000.0,108751.11,11751.109,11751.109,12.114547,Train
920,385000.0,396667.62,11667.625,11667.625,3.030552,Train
1100,112500.0,124113.11,11613.109,11613.109,10.322764,Train
640,335000.0,346605.78,11605.781,11605.781,3.4644122,Train
383,280000.0,291575.28,11575.281,11575.281,4.134029,Train
540,290000.0,278679.22,-11320.781,11320.781,-3.9037178,Train
909,350000.0,338694.06,-11305.9375,11305.9375,-3.2302678,Train
432,305900.0,294621.1,-11278.906,11278.906,-3.687122,Train
180,110000.0,121226.55,11226.547,11226.547,10.205953,Train
364,190000.0,178786.47,-11213.531,11213.531,-5.9018583,Train
1165,115000.0,126185.55,11185.547,11185.547,9.726563,Train
504,122000.0,133065.33,11065.328,11065.328,9.069941,Train
866,430000.0,419035.12,-10964.875,10964.875,-2.5499709,Train
335,287000.0,276131.12,-10868.875,10868.875,-3.7870646,Train
358,107000.0,117819.17,10819.172,10819.172,10.111376,Train
1017,315750.0,304939.0,-10811.0,10811.0,-3.4239113,Train
1066,83500.0,94181.625,10681.625,10681.625,12.792365,Train
321,85500.0,96180.51,10680.508,10680.508,12.491821,Train
637,302000.0,291362.0,-10638.0,10638.0,-3.5225165,Train
229,154000.0,164508.0,10508.0,10508.0,6.8233767,Train
120,82500.0,92991.31,10491.3125,10491.3125,12.7167425,Train
209,88000.0,98325.016,10325.016,10325.016,11.732972,Train
129,270000.0,280269.06,10269.0625,10269.0625,3.8033564,Train
1108,98600.0,108812.88,10212.883,10212.883,10.357893,Train
181,105500.0,115708.5,10208.5,10208.5,9.676303,Train
123,423000.0,412895.3,-10104.6875,10104.6875,-2.388815,Train
195,82500.0,92597.56,10097.5625,10097.5625,12.23947,Train
1040,105000.0,115002.48,10002.477,10002.477,9.526168,Train
477,318000.0,308048.3,-9951.6875,9951.6875,-3.1294615,Train
402,285000.0,275126.3,-9873.6875,9873.6875,-3.4644518,Train
192,232000.0,222240.14,-9759.859,9759.859,-4.2068357,Train
169,90350.0,100091.266,9741.266,9741.266,10.781699,Train
919,80000.0,89704.016,9704.016,9704.016,12.130019,Train
799,239686.0,249334.52,9648.516,9648.516,4.0254817,Train
679,319000.0,328607.2,9607.1875,9607.1875,3.0116575,Train
175,181000.0,190582.56,9582.5625,9582.5625,5.2942333,Train
790,163990.0,173542.02,9552.016,9552.016,5.8247547,Train
1016,120000.0,129492.17,9492.172,9492.172,7.9101434,Train
1131,286000.0,295400.75,9400.75,9400.75,3.2869756,Train
1003,82500.0,91889.664,9389.664,9389.664,11.381411,Train
767,100000.0,109386.945,9386.945,9386.945,9.386945,Train
535,160000.0,169375.53,9375.531,9375.531,5.859707,Train
420,81000.0,90210.4,9210.398,9210.398,11.370863,Train
984,383970.0,374797.56,-9172.4375,9172.4375,-2.3888423,Train
395,229000.0,219889.48,-9110.516,9110.516,-3.9783912,Train
54,374000.0,383089.03,9089.031,9089.031,2.4302223,Train
683,119500.0,128573.83,9073.828,9073.828,7.5931616,Train
165,313000.0,303979.75,-9020.25,9020.25,-2.881869,Train
1167,174000.0,183016.62,9016.625,9016.625,5.181968,Train
558,280000.0,271025.66,-8974.344,8974.344,-3.2051227,Train
653,80000.0,88935.53,8935.531,8935.531,11.1694145,Train
1048,115000.0,123911.36,8911.359,8911.359,7.749008,Train
417,128000.0,136890.69,8890.6875,8890.6875,6.9458494,Train
941,122000.0,130847.695,8847.695,8847.695,7.252209,Train
782,109900.0,118720.43,8820.43,8820.43,8.025869,Train
733,281213.0,272396.25,-8816.75,8816.75,-3.135257,Train
301,104900.0,113671.25,8771.25,8771.25,8.361535,Train
239,372500.0,363742.53,-8757.469,8757.469,-2.3509984,Train
803,114500.0,123166.914,8666.914,8666.914,7.569357,Train
750,80000.0,88607.75,8607.75,8607.75,10.759687,Train
865,267000.0,258449.6,-8550.406,8550.406,-3.2023993,Train
824,318000.0,326535.2,8535.1875,8535.1875,2.6840212,Train
954,105000.0,113528.69,8528.6875,8528.6875,8.12256,Train
371,151000.0,159518.39,8518.391,8518.391,5.6413183,Train
598,271000.0,279513.44,8513.4375,8513.4375,3.1414897,Train
370,39300.0,47810.14,8510.141,8510.141,21.654303,Train
668,94500.0,102988.805,8488.805,8488.805,8.982862,Train
158,112500.0,120985.3,8485.297,8485.297,7.542486,Train
1043,116500.0,124953.2,8453.203,8453.203,7.2559686,Train
221,255500.0,263909.78,8409.781,8409.781,3.2914996,Train
367,129000.0,137308.6,8308.594,8308.594,6.44077,Train
49,129000.0,137225.66,8225.656,8225.656,6.3764777,Train
85,190000.0,181840.4,-8159.5938,8159.5938,-4.2945232,Train
337,134450.0,142601.44,8151.4375,8151.4375,6.0628023,Train
425,205000.0,196863.8,-8136.203,8136.203,-3.9688795,Train
1101,106000.0,114112.164,8112.164,8112.164,7.6529846,Train
214,210000.0,201898.12,-8101.875,8101.875,-3.8580358,Train
1123,98300.0,106382.14,8082.1406,8082.1406,8.221913,Train
298,108000.0,116045.86,8045.8594,8045.8594,7.4498696,Train
179,109500.0,117544.66,8044.6562,8044.6562,7.346718,Train
225,110000.0,118038.414,8038.414,8038.414,7.3076487,Train
1162,278000.0,269963.9,-8036.0938,8036.0938,-2.8906813,Train
755,100000.0,108024.586,8024.586,8024.586,8.024587,Train
69,120000.0,127987.8,7987.797,7987.797,6.6564975,Train
201,312500.0,304549.56,-7950.4375,7950.4375,-2.54414,Train
666,91000.0,98945.82,7945.8203,7945.8203,8.73167,Train
1047,118000.0,125914.06,7914.0625,7914.0625,6.7068324,Train
918,58500.0,66387.6,7887.6016,7887.6016,13.483079,Train
541,82000.0,89882.59,7882.5938,7882.5938,9.612919,Train
217,117500.0,125378.91,7878.9062,7878.9062,6.705452,Train
326,197500.0,205374.14,7874.1406,7874.1406,3.9869065,Train
734,275500.0,267661.34,-7838.6562,7838.6562,-2.8452473,Train
628,149000.0,156797.23,7797.2344,7797.2344,5.233043,Train
1095,164990.0,172765.36,7775.3594,7775.3594,4.7126245,Train
732,117000.0,124769.95,7769.953,7769.953,6.6409855,Train
652,60000.0,67760.18,7760.1797,7760.1797,12.933634,Train
953,127500.0,135211.34,7711.3438,7711.3438,6.048113,Train
1057,160000.0,167685.7,7685.703,7685.703,4.8035645,Train
795,88000.0,95646.125,7646.125,7646.125,8.688779,Train
1118,125000.0,132641.61,7641.6094,7641.6094,6.1132874,Train
972,112000.0,119616.91,7616.9062,7616.9062,6.8008094,Train
951,105000.0,112606.2,7606.203,7606.203,7.244003,Train
318,260000.0,252394.11,-7605.8906,7605.8906,-2.9253426,Train
1142,110000.0,117569.24,7569.242,7569.242,6.8811297,Train
975,250000.0,242442.22,-7557.7812,7557.7812,-3.0231125,Train
52,219210.0,211664.44,-7545.5625,7545.5625,-3.4421616,Train
71,248000.0,240475.9,-7524.0938,7524.0938,-3.0339088,Train
67,350000.0,342499.12,-7500.875,7500.875,-2.1431072,Train
1045,285000.0,277513.25,-7486.75,7486.75,-2.6269298,Train
198,236500.0,243935.44,7435.4375,7435.4375,3.1439483,Train
658,131500.0,138927.55,7427.547,7427.547,5.6483245,Train
649,122900.0,130277.86,7377.8594,7377.8594,6.0031404,Train
815,295000.0,287623.97,-7376.0312,7376.0312,-2.5003495,Train
246,215000.0,207624.3,-7375.703,7375.703,-3.4305596,Train
481,123000.0,130328.484,7328.4844,7328.4844,5.9581175,Train
487,120000.0,127319.81,7319.8125,7319.8125,6.099844,Train
600,120000.0,127310.39,7310.3906,7310.3906,6.0919924,Train
1143,186700.0,179439.61,-7260.3906,7260.3906,-3.8888006,Train
962,162000.0,169245.64,7245.6406,7245.6406,4.4726176,Train
527,80000.0,87233.61,7233.6094,7233.6094,9.042011,Train
841,90000.0,97229.98,7229.9766,7229.9766,8.033307,Train
156,135000.0,142229.5,7229.5,7229.5,5.355185,Train
429,89500.0,96680.67,7180.672,7180.672,8.023097,Train
548,116000.0,123165.75,7165.75,7165.75,6.1773705,Train
1127,108000.0,115154.43,7154.4297,7154.4297,6.624472,Train
665,73000.0,80153.5,7153.5,7153.5,9.799315,Train
260,339750.0,332665.8,-7084.1875,7084.1875,-2.0851178,Train
760,287090.0,280021.75,-7068.25,7068.25,-2.4620328,Train
25,164700.0,171698.86,6998.8594,6998.8594,4.2494593,Train
21,200000.0,193040.81,-6959.1875,6959.1875,-3.4795938,Train
56,250000.0,243080.77,-6919.2344,6919.2344,-2.7676938,Train
594,244000.0,237083.06,-6916.9375,6916.9375,-2.8348105,Train
1155,118000.0,124866.02,6866.0234,6866.0234,5.818664,Train
408,326000.0,319142.0,-6858.0,6858.0,-2.103681,Train
150,212000.0,218857.34,6857.3438,6857.3438,3.234596,Train
934,83000.0,89855.875,6855.875,6855.875,8.260091,Train
16,217000.0,210147.1,-6852.9062,6852.9062,-3.1580212,Train
153,140000.0,146802.25,6802.25,6802.25,4.85875,Train
534,167900.0,174695.66,6795.6562,6795.6562,4.0474424,Train
522,78000.0,84785.445,6785.4453,6785.4453,8.699288,Train
523,179600.0,186379.69,6779.6875,6779.6875,3.7748816,Train
116,240000.0,233225.84,-6774.1562,6774.1562,-2.822565,Train
764,107000.0,113766.71,6766.711,6766.711,6.324029,Train
864,177000.0,183743.25,6743.25,6743.25,3.8097458,Train
411,89500.0,96184.52,6684.5234,6684.5234,7.4687414,Train
596,110000.0,116669.81,6669.8125,6669.8125,6.063466,Train
655,132500.0,139160.39,6660.3906,6660.3906,5.02671,Train
982,226000.0,232650.58,6650.578,6650.578,2.9427338,Train
544,111000.0,117639.47,6639.4688,6639.4688,5.9815035,Train
699,129500.0,136123.0,6623.0,6623.0,5.114286,Train
622,88000.0,94606.94,6606.9375,6606.9375,7.5078835,Train
809,125000.0,131606.33,6606.328,6606.328,5.2850623,Train
362,195000.0,188395.03,-6604.9688,6604.9688,-3.3871634,Train
922,258000.0,251395.94,-6604.0625,6604.0625,-2.559714,Train
426,127000.0,133570.66,6570.6562,6570.6562,5.173745,Train
319,119000.0,125556.2,6556.203,6556.203,5.509414,Train
500,125000.0,131552.08,6552.078,6552.078,5.2416625,Train
520,165500.0,172049.56,6549.5625,6549.5625,3.9574397,Train
573,93000.0,99548.27,6548.2734,6548.2734,7.0411544,Train
926,112000.0,118541.195,6541.1953,6541.1953,5.8403525,Train
393,255900.0,249364.97,-6535.0312,6535.0312,-2.553744,Train
1134,164900.0,171423.62,6523.625,6523.625,3.9561098,Train
105,155000.0,148478.72,-6521.2812,6521.2812,-4.2072783,Train
1111,268000.0,261491.3,-6508.703,6508.703,-2.4286206,Train
1029,132500.0,138979.64,6479.6406,6479.6406,4.890295,Train
259,110500.0,116944.56,6444.5625,6444.5625,5.8321834,Train
585,90000.0,96441.4,6441.3984,6441.3984,7.1571097,Train
485,133000.0,139438.52,6438.5156,6438.5156,4.840989,Train
1125,151000.0,157403.33,6403.328,6403.328,4.2406144,Train
333,132000.0,138367.64,6367.6406,6367.6406,4.8239703,Train
701,392000.0,385632.44,-6367.5625,6367.5625,-1.6243782,Train
593,582933.0,576571.25,-6361.75,6361.75,-1.0913347,Train
7,125500.0,131843.81,6343.8125,6343.8125,5.0548306,Train
404,144152.0,150475.47,6323.4688,6323.4688,4.3866673,Train
283,130500.0,136814.6,6314.5938,6314.5938,4.838769,Train
2,85000.0,91313.73,6313.7266,6313.7266,7.427913,Train
211,140000.0,146310.4,6310.4062,6310.4062,4.507433,Train
556,126000.0,132276.14,6276.1406,6276.1406,4.981064,Train
63,151500.0,157762.16,6262.1562,6262.1562,4.1334367,Train
309,206000.0,212260.78,6260.7812,6260.7812,3.0392141,Train
261,87000.0,93245.96,6245.961,6245.961,7.179266,Train
75,105000.0,111242.945,6242.9453,6242.9453,5.945662,Train
952,108000.0,114218.48,6218.4766,6218.4766,5.7578483,Train
1150,266000.0,272198.47,6198.4688,6198.4688,2.3302515,Train
144,110000.0,116187.875,6187.875,6187.875,5.625341,Train
1064,138000.0,144173.22,6173.2188,6173.2188,4.4733467,Train
1132,165000.0,171168.98,6168.9844,6168.9844,3.7387784,Train
721,147500.0,153662.75,6162.75,6162.75,4.1781354,Train
870,265000.0,258840.81,-6159.1875,6159.1875,-2.3242216,Train
545,252678.0,258823.31,6145.3125,6145.3125,2.4320726,Train
299,84000.0,90129.69,6129.6875,6129.6875,7.297247,Train
987,119900.0,126018.45,6118.453,6118.453,5.1029634,Train
339,306000.0,299919.7,-6080.3125,6080.3125,-1.9870303,Train
859,144000.0,137939.89,-6060.1094,6060.1094,-4.2084093,Train
279,82000.0,88058.29,6058.289,6058.289,7.388157,Train
344,227000.0,220954.45,-6045.547,6045.547,-2.6632366,Train
1083,128500.0,134533.5,6033.5,6033.5,4.6953306,Train
1154,200500.0,206515.56,6015.5625,6015.5625,3.0002806,Train
492,117000.0,122966.56,5966.5625,5966.5625,5.099626,Train
343,178000.0,183954.1,5954.0938,5954.0938,3.3449965,Train
72,124000.0,129940.836,5940.836,5940.836,4.790997,Train
546,110000.0,115937.36,5937.3594,5937.3594,5.397599,Train
886,134800.0,140728.48,5928.4844,5928.4844,4.3979855,Train
470,118500.0,124414.17,5914.172,5914.172,4.9908624,Train
1044,120500.0,126401.61,5901.6094,5901.6094,4.897601,Train
943,274000.0,279888.6,5888.5938,5888.5938,2.1491218,Train
843,259000.0,253132.5,-5867.5,5867.5,-2.265444,Train
135,170000.0,175864.11,5864.1094,5864.1094,3.449476,Train
1113,221500.0,227358.02,5858.0156,5858.0156,2.6447022,Train
183,271900.0,266043.78,-5856.2188,5856.2188,-2.1538134,Train
1164,135000.0,140838.27,5838.2656,5838.2656,4.324641,Train
324,112000.0,117814.28,5814.2812,5814.2812,5.1913223,Train
971,200000.0,205791.98,5791.9844,5791.9844,2.8959923,Train
132,238000.0,232234.9,-5765.0938,5765.0938,-2.4223082,Train
11,159950.0,165700.6,5750.5938,5750.5938,3.5952446,Train
728,221000.0,226746.42,5746.422,5746.422,2.6001909,Train
829,202665.0,208403.34,5738.3438,5738.3438,2.8314428,Train
1088,266500.0,260794.31,-5705.6875,5705.6875,-2.140971,Train
570,132500.0,138200.72,5700.7188,5700.7188,4.302429,Train
730,123600.0,129286.06,5686.0625,5686.0625,4.600374,Train
794,120500.0,126162.48,5662.4766,5662.4766,4.6991506,Train
443,173000.0,178662.27,5662.2656,5662.2656,3.272986,Train
511,87000.0,92637.5,5637.5,5637.5,6.479885,Train
912,200000.0,194378.08,-5621.922,5621.922,-2.810961,Train
17,125000.0,130617.7,5617.703,5617.703,4.4941626,Train
61,180000.0,185615.14,5615.1406,5615.1406,3.1195226,Train
134,224000.0,229564.92,5564.922,5564.922,2.4843402,Train
177,239000.0,233445.34,-5554.6562,5554.6562,-2.3241239,Train
771,89000.0,94546.65,5546.6484,5546.6484,6.2321897,Train
749,165500.0,171044.61,5544.6094,5544.6094,3.350217,Train
873,269500.0,263959.44,-5540.5625,5540.5625,-2.0558674,Train
632,161750.0,167285.66,5535.6562,5535.6562,3.4223533,Train
463,152000.0,146489.33,-5510.672,5510.672,-3.625442,Train
813,100000.0,105498.64,5498.6406,5498.6406,5.4986405,Train
119,213000.0,218496.1,5496.0938,5496.0938,2.5803256,Train
101,314813.0,309320.94,-5492.0625,5492.0625,-1.7445476,Train
729,112000.0,117484.3,5484.297,5484.297,4.8966937,Train
862,80500.0,85978.95,5478.953,5478.953,6.806153,Train
1062,126000.0,131476.89,5476.8906,5476.8906,4.346739,Train
352,100000.0,105470.49,5470.492,5470.492,5.4704924,Train
34,134900.0,140366.11,5466.1094,5466.1094,4.0519714,Train
303,106000.0,111465.33,5465.328,5465.328,5.15597,Train
1124,201800.0,196353.12,-5446.875,5446.875,-2.699145,Train
77,157900.0,152457.28,-5442.7188,5442.7188,-3.4469404,Train
584,109900.0,115334.52,5434.5234,5434.5234,4.9449716,Train
997,270000.0,264574.66,-5425.3438,5425.3438,-2.0093865,Train
1139,173000.0,178407.83,5407.828,5407.828,3.1259122,Train
501,226700.0,221299.08,-5400.922,5400.922,-2.3824093,Train
1085,203000.0,208378.06,5378.0625,5378.0625,2.6492918,Train
555,220000.0,225370.73,5370.7344,5370.7344,2.441243,Train
895,160000.0,165351.61,5351.6094,5351.6094,3.344756,Train
675,118000.0,123350.54,5350.539,5350.539,4.5343547,Train
647,164000.0,169349.11,5349.1094,5349.1094,3.261652,Train
480,104900.0,110235.98,5335.9766,5335.9766,5.0867267,Train
1094,103000.0,108330.0,5330.0,5330.0,5.1747575,Train
430,113000.0,118322.94,5322.9375,5322.9375,4.710564,Train
789,166000.0,171310.89,5310.8906,5310.8906,3.1993318,Train
456,135000.0,140305.84,5305.8438,5305.8438,3.9302547,Train
838,201000.0,195697.81,-5302.1875,5302.1875,-2.6379042,Train
497,263435.0,258138.84,-5296.1562,5296.1562,-2.0104225,Train
66,216000.0,221294.78,5294.7812,5294.7812,2.4512875,Train
107,128500.0,133794.27,5294.2656,5294.2656,4.120051,Train
1025,176000.0,181294.12,5294.125,5294.125,3.0080256,Train
973,128000.0,133258.34,5258.3438,5258.3438,4.108081,Train
465,168000.0,173253.47,5253.4688,5253.4688,3.1270647,Train
1014,280000.0,274761.0,-5239.0,5239.0,-1.8710715,Train
996,155000.0,160214.17,5214.172,5214.172,3.363982,Train
710,120500.0,125691.37,5191.367,5191.367,4.3081884,Train
709,127500.0,132650.48,5150.4844,5150.4844,4.0395956,Train
1051,185850.0,190988.78,5138.7812,5138.7812,2.7650154,Train
130,207500.0,212637.3,5137.297,5137.297,2.4758058,Train
15,200000.0,194875.98,-5124.0156,5124.0156,-2.562008,Train
581,175000.0,180112.19,5112.1875,5112.1875,2.92125,Train
678,136500.0,141590.19,5090.1875,5090.1875,3.7290752,Train
286,262280.0,257222.38,-5057.625,5057.625,-1.9283304,Train
466,260000.0,265045.47,5045.4688,5045.4688,1.9405649,Train
255,231500.0,226460.06,-5039.9375,5039.9375,-2.1770787,Train
808,189000.0,184007.11,-4992.8906,4992.8906,-2.641741,Train
366,109500.0,114492.38,4992.383,4992.383,4.5592537,Train
1146,125000.0,129990.32,4990.3203,4990.3203,3.9922562,Train
1068,230000.0,225010.1,-4989.9062,4989.9062,-2.1695244,Train
1133,196000.0,200988.72,4988.7188,4988.7188,2.5452647,Train
42,146000.0,150979.8,4979.797,4979.797,3.4108198,Train
406,248000.0,243022.95,-4977.047,4977.047,-2.0068738,Train
797,225000.0,220047.06,-4952.9375,4952.9375,-2.2013056,Train
981,167240.0,172156.53,4916.5312,4916.5312,2.9398057,Train
498,135000.0,139908.8,4908.797,4908.797,3.6361458,Train
1138,265979.0,261081.72,-4897.2812,4897.2812,-1.8412285,Train
992,301500.0,296619.88,-4880.125,4880.125,-1.6186153,Train
615,228000.0,223132.78,-4867.2188,4867.2188,-2.1347451,Train
613,79000.0,83857.37,4857.367,4857.367,6.1485662,Train
979,278000.0,282854.6,4854.5938,4854.5938,1.7462567,Train
656,159000.0,163839.33,4839.328,4839.328,3.0436027,Train
275,143000.0,147838.06,4838.0625,4838.0625,3.3832605,Train
685,92900.0,97724.95,4824.953,4824.953,5.193706,Train
532,176000.0,180800.1,4800.0938,4800.0938,2.727326,Train
84,239000.0,234204.56,-4795.4375,4795.4375,-2.0064592,Train
978,240000.0,235225.23,-4774.7656,4774.7656,-1.9894856,Train
162,85000.0,89773.96,4773.961,4773.961,5.6164246,Train
735,130000.0,134773.27,4773.2656,4773.2656,3.6717427,Train
387,120000.0,124752.125,4752.125,4752.125,3.9601042,Train
576,174000.0,178743.89,4743.8906,4743.8906,2.726374,Train
676,82000.0,86738.19,4738.1875,4738.1875,5.7782774,Train
762,79900.0,84631.69,4731.6875,4731.6875,5.922012,Train
410,180000.0,184722.25,4722.25,4722.25,2.6234722,Train
916,198900.0,203621.62,4721.625,4721.625,2.3738687,Train
178,118500.0,123197.74,4697.742,4697.742,3.9643395,Train
398,257000.0,252308.6,-4691.4062,4691.4062,-1.82545,Train
328,119750.0,124435.56,4685.5625,4685.5625,3.912787,Train
468,137500.0,142179.9,4679.9062,4679.9062,3.4035683,Train
781,234000.0,229336.45,-4663.547,4663.547,-1.9929688,Train
428,191000.0,195631.53,4631.5312,4631.5312,2.4248855,Train
205,95000.0,99618.17,4618.172,4618.172,4.8612337,Train
505,187500.0,192113.64,4613.6406,4613.6406,2.4606082,Train
433,155000.0,150404.5,-4595.5,4595.5,-2.9648387,Train
502,135000.0,139586.56,4586.5625,4586.5625,3.3974538,Train
610,158000.0,153418.95,-4581.047,4581.047,-2.8993967,Train
46,79000.0,83575.14,4575.1406,4575.1406,5.7913175,Train
376,125500.0,130066.03,4566.0312,4566.0312,3.6382718,Train
445,127500.0,132065.88,4565.875,4565.875,3.5810785,Train
312,186000.0,190558.39,4558.3906,4558.3906,2.4507477,Train
898,264561.0,269106.9,4545.9062,4545.9062,1.7182828,Train
1030,172500.0,177040.72,4540.7188,4540.7188,2.6323006,Train
489,230000.0,225467.4,-4532.5938,4532.5938,-1.970693,Train
705,98000.0,102522.875,4522.875,4522.875,4.6151786,Train
244,131000.0,135501.64,4501.6406,4501.6406,3.4363668,Train
1128,136500.0,140991.12,4491.125,4491.125,3.2902014,Train
1053,135000.0,139469.84,4469.8438,4469.8438,3.3109953,Train
1027,181000.0,185456.9,4456.9062,4456.9062,2.4623792,Train
124,128500.0,132937.53,4437.5312,4437.5312,3.4533317,Train
903,200000.0,195582.1,-4417.9062,4417.9062,-2.2089531,Train
641,115000.0,119417.37,4417.367,4417.367,3.841189,Train
814,130000.0,134401.6,4401.5938,4401.5938,3.3858414,Train
1161,100000.0,104395.805,4395.8047,4395.8047,4.395805,Train
639,170000.0,174388.53,4388.5312,4388.5312,2.581489,Train
472,173900.0,178271.05,4371.047,4371.047,2.5135405,Train
900,235128.0,230774.58,-4353.422,4353.422,-1.8515115,Train
424,147000.0,151350.97,4350.9688,4350.9688,2.9598427,Train
921,372402.0,368058.3,-4343.6875,4343.6875,-1.1663975,Train
611,130000.0,134340.89,4340.8906,4340.8906,3.3391466,Train
614,55000.0,59313.594,4313.5938,4313.5938,7.842898,Train
471,151400.0,147110.31,-4289.6875,4289.6875,-2.833347,Train
528,125000.0,129282.625,4282.625,4282.625,3.4261,Train
40,130500.0,134778.56,4278.5625,4278.5625,3.2785919,Train
565,81000.0,85270.84,4270.8438,4270.8438,5.2726464,Train
589,139000.0,143260.88,4260.875,4260.875,3.0653777,Train
6,174000.0,178260.25,4260.25,4260.25,2.4484196,Train
542,125000.0,129253.39,4253.3906,4253.3906,3.4027126,Train
723,259500.0,255247.62,-4252.375,4252.375,-1.6386801,Train
936,117000.0,121251.95,4251.953,4251.953,3.634148,Train
638,475000.0,479248.75,4248.75,4248.75,0.8944737,Train
1023,132500.0,136747.9,4247.9062,4247.9062,3.205967,Train
451,127000.0,131238.19,4238.1875,4238.1875,3.3371556,Train
849,160000.0,164233.38,4233.375,4233.375,2.6458595,Train
739,141000.0,145230.69,4230.6875,4230.6875,3.0004876,Train
547,141000.0,145226.53,4226.5312,4226.5312,2.99754,Train
1061,122000.0,126226.016,4226.0156,4226.0156,3.4639473,Train
457,87000.0,91216.12,4216.117,4216.117,4.846112,Train
1157,164500.0,168709.25,4209.25,4209.25,2.5588145,Train
697,295493.0,299675.4,4182.4062,4182.4062,1.4153994,Train
625,91500.0,95682.336,4182.336,4182.336,4.570859,Train
186,119000.0,123175.19,4175.1875,4175.1875,3.508561,Train
1034,194500.0,198663.84,4163.8438,4163.8438,2.1407938,Train
888,223000.0,218864.31,-4135.6875,4135.6875,-1.8545684,Train
436,277000.0,272866.06,-4133.9375,4133.9375,-1.4923962,Train
948,160000.0,164123.81,4123.8125,4123.8125,2.5773828,Train
510,193879.0,198001.28,4122.2812,4122.2812,2.1262133,Train
269,289000.0,293116.0,4116.0,4116.0,1.4242214,Train
19,184000.0,188101.67,4101.672,4101.672,2.2291696,Train
564,157500.0,161597.45,4097.453,4097.453,2.6015575,Train
227,157000.0,161090.56,4090.5625,4090.5625,2.6054537,Train
334,168000.0,172085.05,4085.0469,4085.0469,2.4315755,Train
999,109900.0,113981.66,4081.6562,4081.6562,3.713973,Train
277,146000.0,150075.03,4075.0312,4075.0312,2.7911172,Train
932,158000.0,162073.17,4073.1719,4073.1719,2.577957,Train
939,294000.0,298060.88,4060.875,4060.875,1.38125,Train
418,135000.0,139060.72,4060.7188,4060.7188,3.0079398,Train
79,172400.0,176442.97,4042.9688,4042.9688,2.3451095,Train
590,228000.0,223957.23,-4042.7656,4042.7656,-1.7731428,Train
78,130500.0,134530.97,4030.9688,4030.9688,3.088865,Train
447,153900.0,149877.44,-4022.5625,4022.5625,-2.6137507,Train
883,244600.0,240593.61,-4006.3906,4006.3906,-1.6379356,Train
623,133000.0,136989.92,3989.9219,3989.9219,2.9999413,Train
899,128900.0,132876.53,3976.5312,3976.5312,3.0849738,Train
823,167000.0,170974.86,3974.8594,3974.8594,2.3801553,Train
618,163000.0,166970.86,3970.8594,3970.8594,2.43611,Train
1008,171000.0,174970.58,3970.5781,3970.5781,2.3219755,Train
345,165150.0,169115.67,3965.6719,3965.6719,2.4012547,Train
597,324000.0,327959.88,3959.875,3959.875,1.2221836,Train
199,218000.0,221949.89,3949.8906,3949.8906,1.8118764,Train
263,170000.0,173912.1,3912.0938,3912.0938,2.3012316,Train
423,139950.0,143859.73,3909.7344,3909.7344,2.7936652,Train
646,282922.0,286819.28,3897.2812,3897.2812,1.3775109,Train
1090,148000.0,151882.56,3882.5625,3882.5625,2.623353,Train
696,132500.0,136361.42,3861.4219,3861.4219,2.9142807,Train
1022,171000.0,167163.56,-3836.4375,3836.4375,-2.2435308,Train
1015,122000.0,125830.26,3830.2578,3830.2578,3.1395557,Train
373,124000.0,127823.37,3823.3672,3823.3672,3.0833607,Train
278,165000.0,168821.47,3821.4688,3821.4688,2.3160417,Train
680,101000.0,104820.38,3820.3828,3820.3828,3.7825572,Train
460,116000.0,119820.08,3820.0781,3820.0781,3.2931707,Train
1077,337000.0,333191.56,-3808.4375,3808.4375,-1.1301001,Train
583,129000.0,132797.1,3797.0938,3797.0938,2.9434836,Train
1065,129000.0,132795.97,3795.9688,3795.9688,2.9426115,Train
516,183000.0,186793.83,3793.8281,3793.8281,2.0731301,Train
925,237500.0,233709.97,-3790.0312,3790.0312,-1.5958027,Train
784,139400.0,143181.06,3781.0625,3781.0625,2.7123835,Train
802,132250.0,136019.58,3769.5781,3769.5781,2.8503425,Train
97,159000.0,155239.83,-3760.1719,3760.1719,-2.364888,Train
578,110000.0,113746.9,3746.8984,3746.8984,3.4062712,Train
1130,132000.0,135743.67,3743.6719,3743.6719,2.8361151,Train
108,176000.0,179738.92,3738.9219,3738.9219,2.1243875,Train
904,162500.0,166237.22,3737.2188,3737.2188,2.2998269,Train
747,220000.0,223727.97,3727.9688,3727.9688,1.6945312,Train
238,281000.0,277303.3,-3696.6875,3696.6875,-1.3155471,Train
752,227000.0,223326.39,-3673.6094,3673.6094,-1.6183301,Train
1028,179000.0,182667.6,3667.5938,3667.5938,2.0489352,Train
923,122500.0,126141.8,3641.7969,3641.7969,2.9728954,Train
38,153337.0,156971.84,3634.8438,3634.8438,2.3704937,Train
1086,137000.0,140607.47,3607.4688,3607.4688,2.633189,Train
769,133900.0,137502.2,3602.2031,3602.2031,2.690219,Train
233,205000.0,201424.23,-3575.7656,3575.7656,-1.7442759,Train
718,113000.0,116565.59,3565.5938,3565.5938,3.1553926,Train
317,138500.0,142058.78,3558.7812,3558.7812,2.5695171,Train
761,202900.0,206458.55,3558.5469,3558.5469,1.7538427,Train
807,130000.0,133545.56,3545.5625,3545.5625,2.7273557,Train
354,180500.0,184044.23,3544.2344,3544.2344,1.9635648,Train
551,103600.0,107137.7,3537.7031,3537.7031,3.4147713,Train
911,190000.0,186469.52,-3530.4844,3530.4844,-1.8581496,Train
106,177500.0,181016.52,3516.5156,3516.5156,1.9811356,Train
43,126500.0,130012.17,3512.1719,3512.1719,2.7764204,Train
322,209500.0,213004.36,3504.3594,3504.3594,1.6727252,Train
458,239799.0,236305.0,-3494.0,3494.0,-1.4570537,Train
190,137500.0,140975.69,3475.6875,3475.6875,2.5277727,Train
37,116050.0,119521.945,3471.9453,3471.9453,2.9917667,Train
347,207500.0,210966.12,3466.125,3466.125,1.6704217,Train
703,184000.0,180539.19,-3460.8125,3460.8125,-1.8808763,Train
1116,188500.0,191959.77,3459.7656,3459.7656,1.8354194,Train
95,106000.0,109457.57,3457.5703,3457.5703,3.2618587,Train
645,142000.0,145429.48,3429.4844,3429.4844,2.41513,Train
672,211000.0,207571.61,-3428.3906,3428.3906,-1.6248296,Train
891,98000.0,101409.66,3409.6562,3409.6562,3.4792411,Train
64,134500.0,137900.84,3400.8438,3400.8438,2.5285084,Train
55,100000.0,103397.625,3397.625,3397.625,3.397625,Train
659,180000.0,183386.52,3386.5156,3386.5156,1.8813976,Train
712,142000.0,145374.66,3374.6562,3374.6562,2.3765185,Train
490,140000.0,143367.83,3367.8281,3367.8281,2.4055915,Train
1119,140000.0,143353.2,3353.2031,3353.2031,2.3951452,Train
896,148800.0,152150.38,3350.375,3350.375,2.2515962,Train
777,181900.0,185231.73,3331.7344,3331.7344,1.8316296,Train
427,174000.0,177319.94,3319.9375,3319.9375,1.90801,Train
82,161500.0,164810.0,3310.0,3310.0,2.0495355,Train
407,302000.0,298691.9,-3308.0938,3308.0938,-1.0953953,Train
774,138000.0,141295.22,3295.2188,3295.2188,2.3878396,Train
267,240000.0,243289.06,3289.0625,3289.0625,1.3704427,Train
392,110000.0,113286.875,3286.875,3286.875,2.988068,Train
30,133000.0,136275.42,3275.4219,3275.4219,2.4627233,Train
889,192500.0,195772.94,3272.9375,3272.9375,1.7002273,Train
464,149900.0,153172.56,3272.5625,3272.5625,2.183164,Train
1072,250000.0,246737.72,-3262.2812,3262.2812,-1.3049124,Train
459,176485.0,179746.9,3261.9062,3261.9062,1.8482625,Train
439,129500.0,132751.39,3251.3906,3251.3906,2.5107265,Train
741,127000.0,130234.11,3234.1094,3234.1094,2.546543,Train
1091,121600.0,124829.875,3229.875,3229.875,2.6561472,Train
161,161500.0,164719.0,3219.0,3219.0,1.9931889,Train
860,187000.0,183781.16,-3218.8438,3218.8438,-1.7213068,Train
1149,394617.0,391408.75,-3208.25,3208.25,-0.8130035,Train
674,197900.0,201103.75,3203.75,3203.75,1.6188731,Train
704,176500.0,179703.42,3203.4219,3203.4219,1.8149699,Train
113,115000.0,118192.67,3192.6719,3192.6719,2.7762363,Train
575,167500.0,170684.16,3184.1562,3184.1562,1.9009888,Train
552,163900.0,167077.66,3177.6562,3177.6562,1.9387774,Train
1082,214000.0,217158.94,3158.9375,3158.9375,1.4761391,Train
397,164000.0,167144.11,3144.1094,3144.1094,1.9171399,Train
1063,215000.0,218129.98,3129.9844,3129.9844,1.4558067,Train
924,141000.0,144089.88,3089.875,3089.875,2.1914008,Train
577,239000.0,242087.9,3087.9062,3087.9062,1.292011,Train
12,157000.0,160073.05,3073.0469,3073.0469,1.9573547,Train
210,112000.0,115070.04,3070.039,3070.039,2.7411063,Train
850,207500.0,204436.22,-3063.7812,3063.7812,-1.4765211,Train
663,225000.0,228032.08,3032.0781,3032.0781,1.3475903,Train
669,210000.0,213018.75,3018.75,3018.75,1.4375,Train
529,219500.0,222518.4,3018.4062,3018.4062,1.3751281,Train
87,205000.0,201982.23,-3017.7656,3017.7656,-1.4720808,Train
835,189000.0,191993.56,2993.5625,2993.5625,1.5838954,Train
684,116000.0,118989.91,2989.9062,2989.9062,2.5775054,Train
349,377426.0,374443.5,-2982.5,2982.5,-0.79022115,Train
695,110000.0,112963.555,2963.5547,2963.5547,2.6941407,Train
688,215000.0,212047.1,-2952.9062,2952.9062,-1.3734448,Train
994,186500.0,189450.42,2950.4219,2950.4219,1.5819956,Train
0,145000.0,147948.42,2948.4219,2948.4219,2.0333943,Train
587,303477.0,300530.47,-2946.5312,2946.5312,-0.9709241,Train
1039,248328.0,251259.97,2931.9688,2931.9688,1.180684,Train
519,134000.0,136927.12,2927.125,2927.125,2.1844215,Train
327,139000.0,141868.0,2868.0,2868.0,2.0633094,Train
620,392500.0,389647.06,-2852.9375,2852.9375,-0.7268631,Train
706,169000.0,171842.22,2842.2188,2842.2188,1.6817863,Train
166,237000.0,234193.25,-2806.75,2806.75,-1.1842827,Train
561,124000.0,126794.59,2794.5938,2794.5938,2.2537045,Train
1013,164500.0,167285.44,2785.4375,2785.4375,1.6932751,Train
731,240000.0,237215.38,-2784.625,2784.625,-1.1602604,Train
1004,129500.0,132275.64,2775.6406,2775.6406,2.1433518,Train
142,126175.0,128949.42,2774.4219,2774.4219,2.198868,Train
99,115000.0,117749.125,2749.125,2749.125,2.3905435,Train
125,335000.0,332252.1,-2747.9062,2747.9062,-0.82027054,Train
887,119000.0,121728.03,2728.0312,2728.0312,2.2924633,Train
662,157000.0,159721.25,2721.25,2721.25,1.7332803,Train
111,145000.0,147710.06,2710.0625,2710.0625,1.8690087,Train
818,115000.0,117697.78,2697.7812,2697.7812,2.3458967,Train
157,151000.0,148311.5,-2688.5,2688.5,-1.7804636,Train
496,144000.0,146684.22,2684.2188,2684.2188,1.8640409,Train
188,133500.0,136179.9,2679.9062,2679.9062,2.0074203,Train
356,156000.0,158677.38,2677.375,2677.375,1.716266,Train
1012,159434.0,162111.05,2677.0469,2677.0469,1.6790941,Train
1019,315000.0,317675.94,2675.9375,2675.9375,0.849504,Train
644,270000.0,267331.75,-2668.25,2668.25,-0.9882407,Train
983,181500.0,184156.45,2656.4531,2656.4531,1.4636105,Train
980,170000.0,172655.84,2655.8438,2655.8438,1.562261,Train
18,159500.0,156846.81,-2653.1875,2653.1875,-1.6634405,Train
51,174000.0,176645.5,2645.5,2645.5,1.5204023,Train
863,152000.0,154637.45,2637.4531,2637.4531,1.7351665,Train
174,190000.0,187363.42,-2636.5781,2636.5781,-1.3876727,Train
493,235000.0,232412.16,-2587.8438,2587.8438,-1.1012101,Train
1163,176432.0,179008.86,2576.8594,2576.8594,1.4605397,Train
852,137450.0,140024.55,2574.5469,2574.5469,1.8730788,Train
657,124500.0,127073.28,2573.2812,2573.2812,2.0668926,Train
526,231500.0,234046.39,2546.3906,2546.3906,1.0999527,Train
479,130000.0,132534.53,2534.5312,2534.5312,1.9496394,Train
83,119900.0,122432.14,2532.1406,2532.1406,2.1118772,Train
879,213490.0,216017.5,2527.5,2527.5,1.1838962,Train
289,217000.0,214476.34,-2523.6562,2523.6562,-1.1629752,Train
1147,192000.0,194520.1,2520.0938,2520.0938,1.3125489,Train
643,316600.0,319118.06,2518.0625,2518.0625,0.79534507,Train
609,207500.0,204984.16,-2515.8438,2515.8438,-1.2124548,Train
348,256300.0,253786.03,-2513.9688,2513.9688,-0.9808696,Train
783,129900.0,132412.27,2512.2656,2512.2656,1.9339997,Train
821,139000.0,141506.33,2506.3281,2506.3281,1.8031138,Train
473,268000.0,270505.56,2505.5625,2505.5625,0.9349114,Train
822,222000.0,224505.48,2505.4844,2505.4844,1.1285965,Train
131,175000.0,177485.55,2485.5469,2485.5469,1.4203125,Train
956,188700.0,191166.66,2466.6562,2466.6562,1.307184,Train
651,155000.0,157465.1,2465.0938,2465.0938,1.590383,Train
24,184900.0,182444.86,-2455.1406,2455.1406,-1.3278208,Train
820,177000.0,179454.48,2454.4844,2454.4844,1.3867143,Train
753,216837.0,214386.7,-2450.2969,2450.2969,-1.1300179,Train
929,147000.0,149437.48,2437.4844,2437.4844,1.6581526,Train
455,256000.0,253588.97,-2411.0312,2411.0312,-0.94180906,Train
240,235000.0,237408.8,2408.7969,2408.7969,1.02502,Train
474,202500.0,204903.53,2403.5312,2403.5312,1.186929,Train
692,145000.0,142596.48,-2403.5156,2403.5156,-1.657597,Train
462,176000.0,178400.2,2400.2031,2400.2031,1.3637518,Train
563,117000.0,119394.53,2394.5312,2394.5312,2.046608,Train
682,290000.0,287615.03,-2384.9688,2384.9688,-0.822403,Train
1021,260400.0,258023.6,-2376.4062,2376.4062,-0.91259843,Train
1089,224900.0,222534.17,-2365.8281,2365.8281,-1.0519466,Train
1038,155000.0,157360.45,2360.4531,2360.4531,1.5228729,Train
1075,179000.0,181350.23,2350.2344,2350.2344,1.31298,Train
437,328000.0,330319.78,2319.7812,2319.7812,0.70725036,Train
660,76000.0,78319.17,2319.1719,2319.1719,3.051542,Train
800,190000.0,187696.84,-2303.1562,2303.1562,-1.2121875,Train
826,173000.0,175301.56,2301.5625,2301.5625,1.330383,Train
280,213250.0,210951.06,-2298.9375,2298.9375,-1.0780481,Train
1071,157000.0,159294.98,2294.9844,2294.9844,1.4617735,Train
553,113000.0,115292.21,2292.211,2292.211,2.0285053,Train
1097,140000.0,142279.19,2279.1875,2279.1875,1.6279911,Train
1120,190000.0,187725.28,-2274.7188,2274.7188,-1.1972204,Train
141,139000.0,141266.5,2266.5,2266.5,1.6305755,Train
1092,171500.0,173742.06,2242.0625,2242.0625,1.3073251,Train
1081,148000.0,150235.77,2235.7656,2235.7656,1.5106524,Train
603,190000.0,192235.77,2235.7656,2235.7656,1.1767187,Train
754,107500.0,109722.1,2222.1016,2222.1016,2.0670712,Train
976,274300.0,276519.3,2219.3125,2219.3125,0.8090822,Train
938,140200.0,137988.4,-2211.5938,2211.5938,-1.5774564,Train
448,129900.0,132108.2,2208.2031,2208.2031,1.6999254,Train
1020,158000.0,155795.16,-2204.8438,2204.8438,-1.3954707,Train
543,186500.0,188697.78,2197.7812,2197.7812,1.178435,Train
248,144000.0,141810.56,-2189.4375,2189.4375,-1.5204427,Train
196,155000.0,152810.95,-2189.0469,2189.0469,-1.4122883,Train
53,310000.0,307811.72,-2188.2812,2188.2812,-0.70589715,Train
14,140000.0,142185.92,2185.9219,2185.9219,1.5613728,Train
249,155000.0,152814.33,-2185.6719,2185.6719,-1.4101108,Train
26,335000.0,332844.3,-2155.6875,2155.6875,-0.6434888,Train
313,116900.0,119047.94,2147.9375,2147.9375,1.8374145,Train
81,178000.0,180142.6,2142.5938,2142.5938,1.2037044,Train
1137,147000.0,149131.52,2131.5156,2131.5156,1.4500107,Train
329,198500.0,196368.67,-2131.3281,2131.3281,-1.073717,Train
68,195000.0,192870.77,-2129.2344,2129.2344,-1.091915,Train
454,245000.0,242882.38,-2117.625,2117.625,-0.8643367,Train
757,150000.0,147882.44,-2117.5625,2117.5625,-1.4117084,Train
876,210000.0,212115.86,2115.8594,2115.8594,1.007552,Train
928,119200.0,121314.62,2114.6172,2114.6172,1.7740077,Train
667,173733.0,175835.11,2102.1094,2102.1094,1.2099655,Train
1106,149300.0,147198.08,-2101.9219,2101.9219,-1.4078512,Train
702,179000.0,181092.0,2092.0,2092.0,1.1687151,Train
273,146500.0,148591.5,2091.5,2091.5,1.4276451,Train
574,177000.0,179087.88,2087.875,2087.875,1.1795903,Train
5,149900.0,151979.2,2079.2031,2079.2031,1.3870602,Train
798,248900.0,250971.72,2071.7188,2071.7188,0.83234984,Train
612,244000.0,241933.22,-2066.7812,2066.7812,-0.8470415,Train
65,94000.0,96060.555,2060.5547,2060.5547,2.1920795,Train
844,128000.0,130059.57,2059.5703,2059.5703,1.6090393,Train
300,172000.0,174059.5,2059.5,2059.5,1.1973838,Train
475,185000.0,187052.28,2052.2812,2052.2812,1.1093413,Train
567,156000.0,158049.38,2049.375,2049.375,1.3137019,Train
403,193500.0,191452.17,-2047.8281,2047.8281,-1.0583091,Train
592,225000.0,222957.02,-2042.9844,2042.9844,-0.9079931,Train
28,233170.0,235210.73,2040.7344,2040.7344,0.8752131,Train
791,145500.0,147527.22,2027.2188,2027.2188,1.3932775,Train
8,175500.0,177518.12,2018.125,2018.125,1.1499288,Train
868,143000.0,141018.56,-1981.4375,1981.4375,-1.3856206,Train
914,102000.0,103979.54,1979.5391,1979.5391,1.9407246,Train
630,216500.0,214525.06,-1974.9375,1974.9375,-0.9122113,Train
215,157500.0,159474.89,1974.8906,1974.8906,1.2538989,Train
372,178740.0,180713.55,1973.5469,1973.5469,1.104144,Train
293,162900.0,164856.31,1956.3125,1956.3125,1.2009284,Train
185,135000.0,136955.6,1955.5938,1955.5938,1.448588,Train
1069,106250.0,108201.836,1951.8359,1951.8359,1.8370221,Train
440,204750.0,206683.38,1933.375,1933.375,0.9442613,Train
235,149900.0,147966.83,-1933.1719,1933.1719,-1.289641,Train
738,179200.0,181132.84,1932.8438,1932.8438,1.0785959,Train
288,159500.0,161424.77,1924.7656,1924.7656,1.2067496,Train
907,93000.0,94923.27,1923.2734,1923.2734,2.0680358,Train
819,139000.0,140912.78,1912.7812,1912.7812,1.3761016,Train
336,197000.0,195094.92,-1905.0781,1905.0781,-0.9670447,Train
378,163500.0,165404.1,1904.0938,1904.0938,1.1645833,Train
1059,148000.0,149902.89,1902.8906,1902.8906,1.2857369,Train
369,158900.0,160798.78,1898.7812,1898.7812,1.1949536,Train
100,128000.0,129898.08,1898.0781,1898.0781,1.4828736,Train
586,200100.0,198214.02,-1885.9844,1885.9844,-0.9425209,Train
257,133000.0,134876.53,1876.5312,1876.5312,1.4109257,Train
827,135000.0,133150.03,-1849.9688,1849.9688,-1.3703473,Train
88,134000.0,135848.5,1848.5,1848.5,1.3794776,Train
115,143000.0,141169.44,-1830.5625,1830.5625,-1.2801136,Train
382,228500.0,230326.55,1826.5469,1826.5469,0.79936403,Train
204,233000.0,234811.5,1811.5,1811.5,0.7774678,Train
1135,192000.0,193808.3,1808.2969,1808.2969,0.9418213,Train
1145,145000.0,146803.67,1803.6719,1803.6719,1.2439116,Train
698,199900.0,198104.03,-1795.9688,1795.9688,-0.89843357,Train
765,143500.0,145282.03,1782.0312,1782.0312,1.2418336,Train
340,180000.0,178221.31,-1778.6875,1778.6875,-0.9881597,Train
549,167900.0,169676.23,1776.2344,1776.2344,1.0579121,Train
503,190000.0,191761.72,1761.7188,1761.7188,0.9272204,Train
435,257500.0,255740.25,-1759.75,1759.75,-0.68339807,Train
1102,180500.0,182251.86,1751.8594,1751.8594,0.97055924,Train
1114,110500.0,112244.49,1744.4922,1744.4922,1.5787259,Train
693,163000.0,164729.83,1729.8281,1729.8281,1.0612442,Train
191,147000.0,145270.73,-1729.2656,1729.2656,-1.1763712,Train
184,131500.0,133213.95,1713.9531,1713.9531,1.3033864,Train
1032,143900.0,145573.75,1673.75,1673.75,1.1631341,Train
1010,165000.0,166670.19,1670.1875,1670.1875,1.0122348,Train
897,177000.0,175336.33,-1663.6719,1663.6719,-0.93992764,Train
469,169500.0,171127.55,1627.5469,1627.5469,0.96020466,Train
13,205000.0,203373.56,-1626.4375,1626.4375,-0.79338413,Train
1037,196500.0,198121.45,1621.4531,1621.4531,0.825167,Train
842,241500.0,239893.16,-1606.8438,1606.8438,-0.66535974,Train
694,140000.0,141603.86,1603.8594,1603.8594,1.1456138,Train
810,172500.0,174095.55,1595.5469,1595.5469,0.9249547,Train
988,139000.0,140582.23,1582.2344,1582.2344,1.1382982,Train
1058,187500.0,189079.02,1579.0156,1579.0156,0.8421417,Train
155,254900.0,253335.44,-1564.5625,1564.5625,-0.6137946,Train
291,148000.0,149564.39,1564.3906,1564.3906,1.0570207,Train
608,152000.0,150440.67,-1559.3281,1559.3281,-1.0258738,Train
44,139000.0,140551.66,1551.6562,1551.6562,1.1162995,Train
908,195000.0,193461.27,-1538.7344,1538.7344,-0.78909457,Train
968,176500.0,178033.77,1533.7656,1533.7656,0.86898905,Train
648,250000.0,251503.88,1503.875,1503.875,0.60155,Train
146,174000.0,175501.3,1501.2969,1501.2969,0.8628143,Train
409,127500.0,128985.336,1485.3359,1485.3359,1.1649693,Train
29,149350.0,147867.78,-1482.2188,1482.2188,-0.9924464,Train
92,152000.0,153469.56,1469.5625,1469.5625,0.96681744,Train
930,213500.0,214963.69,1463.6875,1463.6875,0.6855679,Train
405,250000.0,251463.45,1463.4531,1463.4531,0.58538127,Train
780,175000.0,176462.7,1462.7031,1462.7031,0.83583033,Train
189,169000.0,170459.55,1459.5469,1459.5469,0.8636372,Train
159,184000.0,185455.97,1455.9688,1455.9688,0.79128736,Train
1153,226000.0,227454.28,1454.2812,1454.2812,0.6434873,Train
399,239000.0,240454.12,1454.125,1454.125,0.6084205,Train
128,222500.0,223951.28,1451.2812,1451.2812,0.65226126,Train
840,179400.0,177957.12,-1442.875,1442.875,-0.80427814,Train
512,184100.0,185531.03,1431.0312,1431.0312,0.7773119,Train
292,178000.0,176570.16,-1429.8438,1429.8438,-0.803283,Train
869,153500.0,152085.19,-1414.8125,1414.8125,-0.92170197,Train
947,236500.0,235086.73,-1413.2656,1413.2656,-0.5975753,Train
1000,150500.0,151909.2,1409.2031,1409.2031,0.9363476,Train
1103,277500.0,278876.2,1376.1875,1376.1875,0.49592343,Train
1067,155000.0,156373.11,1373.1094,1373.1094,0.885877,Train
885,112000.0,113368.34,1368.3438,1368.3438,1.2217355,Train
442,165500.0,166865.61,1365.6094,1365.6094,0.8251416,Train
690,132000.0,133353.1,1353.0938,1353.0938,1.025071,Train
867,190000.0,191352.2,1352.2031,1352.2031,0.71168584,Train
834,180000.0,181344.84,1344.8438,1344.8438,0.7471354,Train
634,150750.0,152092.5,1342.5,1342.5,0.8905473,Train
237,143000.0,144333.64,1333.6406,1333.6406,0.9326158,Train
933,106500.0,105178.055,-1321.9453,1321.9453,-1.2412632,Train
673,159000.0,157682.05,-1317.9531,1317.9531,-0.82890135,Train
756,194000.0,195316.73,1316.7344,1316.7344,0.67872906,Train
582,174000.0,175314.92,1314.9219,1314.9219,0.7557022,Train
773,235000.0,236314.1,1314.0938,1314.0938,0.55918884,Train
635,128000.0,129300.05,1300.0469,1300.0469,1.0156616,Train
787,139000.0,140294.08,1294.0781,1294.0781,0.9309915,Train
223,134900.0,136190.44,1290.4375,1290.4375,0.9565882,Train
207,181000.0,182288.78,1288.7812,1288.7812,0.71203387,Train
41,206300.0,205013.97,-1286.0312,1286.0312,-0.6233792,Train
1074,172785.0,174058.78,1273.7812,1273.7812,0.7372059,Train
811,232000.0,233266.16,1266.1562,1266.1562,0.545757,Train
400,200000.0,198735.75,-1264.25,1264.25,-0.632125,Train
1055,180000.0,178745.75,-1254.25,1254.25,-0.69680554,Train
506,272000.0,273251.2,1251.1875,1251.1875,0.45999542,Train
281,79000.0,80249.48,1249.4766,1249.4766,1.5816159,Train
285,177500.0,178747.4,1247.4062,1247.4062,0.7027641,Train
1079,146800.0,148046.36,1246.3594,1246.3594,0.84901863,Train
604,34900.0,33654.906,-1245.0938,1245.0938,-3.5676038,Train
998,155000.0,153766.38,-1233.625,1233.625,-0.7958871,Train
977,120500.0,121714.58,1214.5781,1214.5781,1.0079486,Train
1054,140000.0,138795.72,-1204.2812,1204.2812,-0.8602009,Train
624,144900.0,146100.1,1200.0938,1200.0938,0.82822204,Train
1107,235000.0,233800.19,-1199.8125,1199.8125,-0.5105585,Train
413,189000.0,190187.25,1187.25,1187.25,0.6281746,Train
342,175900.0,177072.05,1172.0469,1172.0469,0.6663143,Train
779,145000.0,146169.67,1169.6719,1169.6719,0.80667025,Train
310,131500.0,132668.81,1168.8125,1168.8125,0.8888308,Train
832,221000.0,222168.11,1168.1094,1168.1094,0.5285563,Train
927,129900.0,128732.0,-1168.0,1168.0,-0.8991532,Train
222,124000.0,125166.8,1166.7969,1166.7969,0.94096524,Train
857,143750.0,144884.44,1134.4375,1134.4375,0.7891739,Train
31,98000.0,99131.305,1131.3047,1131.3047,1.1543925,Train
671,148000.0,149129.64,1129.6406,1129.6406,0.7632707,Train
284,239900.0,238776.69,-1123.3125,1123.3125,-0.468242,Train
619,211000.0,209884.72,-1115.2812,1115.2812,-0.52856934,Train
508,125500.0,126613.53,1113.5312,1113.5312,0.8872759,Train
1166,189950.0,188836.94,-1113.0625,1113.0625,-0.5859766,Train
689,141500.0,140390.77,-1109.2344,1109.2344,-0.7839112,Train
251,230000.0,231108.14,1108.1406,1108.1406,0.48180026,Train
271,140000.0,138901.55,-1098.4531,1098.4531,-0.7846094,Train
45,113000.0,114092.43,1092.4297,1092.4297,0.96675193,Train
828,241000.0,242080.34,1080.3438,1080.3438,0.44827542,Train
538,128000.0,126921.95,-1078.0469,1078.0469,-0.8422241,Train
1140,139400.0,138327.16,-1072.8438,1072.8438,-0.7696153,Train
986,163000.0,161937.14,-1062.8594,1062.8594,-0.652061,Train
915,171750.0,172809.66,1059.6562,1059.6562,0.61697596,Train
228,142600.0,141541.62,-1058.375,1058.375,-0.74219847,Train
595,157000.0,158058.22,1058.2188,1058.2188,0.6740247,Train
775,142125.0,143177.88,1052.875,1052.875,0.74080914,Train
636,179900.0,180947.89,1047.8906,1047.8906,0.5824851,Train
727,145900.0,146941.66,1041.6562,1041.6562,0.7139522,Train
368,148000.0,146959.2,-1040.7969,1040.7969,-0.7032411,Train
1009,143250.0,142217.83,-1032.1719,1032.1719,-0.72053885,Train
325,193000.0,191978.44,-1021.5625,1021.5625,-0.529307,Train
717,197500.0,198516.0,1016.0,1016.0,0.5144304,Train
629,174900.0,175912.4,1012.40625,1012.40625,0.5788486,Train
1087,175500.0,176511.28,1011.28125,1011.28125,0.5762286,Train
390,144000.0,144975.84,975.84375,975.84375,0.6776693,Train
422,325000.0,325941.06,941.0625,941.0625,0.2895577,Train
147,145000.0,144074.53,-925.46875,925.46875,-0.6382543,Train
894,178000.0,178924.48,924.4844,924.4844,0.51937324,Train
530,178000.0,178923.89,923.8906,923.8906,0.5190397,Train
76,139900.0,140821.52,921.5156,921.5156,0.65869594,Train
831,139000.0,139916.22,916.21875,916.21875,0.6591502,Train
50,160000.0,159092.3,-907.7031,907.7031,-0.56731445,Train
1007,215000.0,215893.28,893.28125,893.28125,0.41547966,Train
171,214000.0,213112.66,-887.34375,887.34375,-0.41464663,Train
856,178400.0,177516.84,-883.15625,883.15625,-0.49504274,Train
3,175000.0,175880.11,880.1094,880.1094,0.5029196,Train
805,136905.0,137778.27,873.2656,873.2656,0.6378625,Train
74,181000.0,180128.75,-871.25,871.25,-0.48135358,Train
714,222000.0,222863.5,863.5,863.5,0.38896397,Train
110,130000.0,130862.305,862.3047,862.3047,0.6633113,Train
1,178000.0,178855.45,855.4531,855.4531,0.48059165,Train
118,190000.0,189148.56,-851.4375,851.4375,-0.448125,Train
148,215200.0,216018.53,818.53125,818.53125,0.3803584,Train
91,180500.0,181299.3,799.2969,799.2969,0.44282377,Train
375,145000.0,145794.16,794.15625,794.15625,0.54769397,Train
252,290000.0,289207.34,-792.65625,792.65625,-0.27332973,Train
606,202500.0,203291.95,791.9531,791.9531,0.39108795,Train
331,223500.0,224291.3,791.2969,791.2969,0.3540478,Train
391,175500.0,176289.28,789.28125,789.28125,0.4497329,Train
306,190000.0,190785.03,785.03125,785.03125,0.41317433,Train
262,158500.0,159281.7,781.7031,781.7031,0.49318808,Train
104,127500.0,128276.49,776.4922,776.4922,0.6090135,Train
384,234000.0,233226.64,-773.3594,773.3594,-0.33049545,Train
507,172500.0,171728.56,-771.4375,771.4375,-0.44721013,Train
488,179540.0,180310.84,770.84375,770.84375,0.42934373,Train
9,225000.0,224245.7,-754.2969,754.2969,-0.33524305,Train
434,93000.0,93739.96,739.96094,739.96094,0.7956569,Train
112,147000.0,146267.34,-732.65625,732.65625,-0.4984056,Train
785,290000.0,289267.75,-732.25,732.25,-0.2525,Train
725,141000.0,140275.22,-724.78125,724.78125,-0.51402926,Train
243,149700.0,150418.22,718.21875,718.21875,0.47977203,Train
414,192000.0,192714.39,714.3906,714.3906,0.37207845,Train
139,150000.0,149311.94,-688.0625,688.0625,-0.45870835,Train
846,125000.0,124316.97,-683.03125,683.03125,-0.546425,Train
102,131000.0,131675.4,675.40625,675.40625,0.5155773,Train
945,250000.0,249328.36,-671.6406,671.6406,-0.26865625,Train
525,252000.0,251330.9,-669.09375,669.09375,-0.2655134,Train
958,174500.0,175166.0,666.0,666.0,0.3816619,Train
746,125000.0,125661.86,661.8594,661.8594,0.5294875,Train
187,215000.0,215660.81,660.8125,660.8125,0.30735466,Train
360,185000.0,185658.6,658.59375,658.59375,0.3559966,Train
401,171000.0,170342.89,-657.1094,657.1094,-0.38427448,Train
677,170000.0,170651.39,651.3906,651.3906,0.38317096,Train
121,274900.0,274253.7,-646.3125,646.3125,-0.23510823,Train
304,179900.0,180546.3,646.2969,646.2969,0.3592534,Train
22,149000.0,149631.42,631.4219,631.4219,0.42377308,Train
617,191000.0,190372.81,-627.1875,627.1875,-0.32837042,Train
1121,140000.0,140625.72,625.71875,625.71875,0.44694197,Train
245,144000.0,143386.6,-613.40625,613.40625,-0.42597657,Train
323,206900.0,206290.9,-609.09375,609.09375,-0.2943904,Train
122,155000.0,154393.86,-606.1406,606.1406,-0.39105847,Train
700,224000.0,224596.64,596.6406,596.6406,0.26635742,Train
825,212000.0,212585.81,585.8125,585.8125,0.27632666,Train
163,203000.0,203579.23,579.2344,579.2344,0.28533712,Train
940,151000.0,151577.97,577.96875,577.96875,0.38276076,Train
1049,140000.0,140569.4,569.40625,569.40625,0.40671876,Train
152,189000.0,189557.02,557.0156,557.0156,0.29471725,Train
168,137000.0,137556.05,556.0469,556.0469,0.40587363,Train
167,180500.0,179944.95,-555.0469,555.0469,-0.3075052,Train
801,168000.0,167449.36,-550.6406,550.6406,-0.32776228,Train
836,179200.0,178655.36,-544.6406,544.6406,-0.3039289,Train
270,135000.0,134469.16,-530.84375,530.84375,-0.3932176,Train
816,164000.0,163478.77,-521.2344,521.2344,-0.31782582,Train
296,212000.0,212510.42,510.42188,510.42188,0.24076504,Train
955,167000.0,166510.83,-489.17188,489.17188,-0.29291728,Train
93,215000.0,215487.9,487.90625,487.90625,0.22693314,Train
499,262500.0,262967.62,467.625,467.625,0.17814286,Train
568,185000.0,184535.97,-464.03125,464.03125,-0.2508277,Train
1024,185000.0,185462.67,462.67188,462.67188,0.2500929,Train
33,150000.0,149539.53,-460.46875,460.46875,-0.30697918,Train
1018,220000.0,220460.28,460.28125,460.28125,0.20921876,Train
276,265900.0,266323.62,423.625,423.625,0.15931742,Train
160,197000.0,196581.33,-418.67188,418.67188,-0.21252379,Train
536,136000.0,135604.5,-395.5,395.5,-0.29080883,Train
294,187500.0,187114.89,-385.10938,385.10938,-0.20539166,Train
878,165000.0,164615.73,-384.26562,384.26562,-0.23288825,Train
350,224500.0,224116.94,-383.0625,383.0625,-0.17062917,Train
114,189000.0,189382.75,382.75,382.75,0.20251323,Train
1099,194000.0,193641.67,-358.32812,358.32812,-0.18470521,Train
910,145000.0,144645.14,-354.85938,354.85938,-0.2447306,Train
449,152000.0,151646.45,-353.54688,353.54688,-0.23259662,Train
742,194700.0,194355.62,-344.375,344.375,-0.17687468,Train
778,140000.0,139656.33,-343.67188,343.67188,-0.24547991,Train
241,214500.0,214157.95,-342.04688,342.04688,-0.1594624,Train
154,187500.0,187164.39,-335.60938,335.60938,-0.17899166,Train
412,190000.0,189667.62,-332.375,332.375,-0.17493421,Train
872,208900.0,208578.92,-321.07812,321.07812,-0.15369944,Train
974,137000.0,137309.89,309.89062,309.89062,0.22619754,Train
377,158000.0,158306.16,306.15625,306.15625,0.19376978,Train
36,149500.0,149198.83,-301.17188,301.17188,-0.20145276,Train
117,230000.0,229712.06,-287.9375,287.9375,-0.12519021,Train
295,160000.0,160287.92,287.92188,287.92188,0.17995118,Train
1056,200141.0,200398.8,257.79688,257.79688,0.12880763,Train
861,142000.0,141748.33,-251.67188,251.67188,-0.17723371,Train
848,158000.0,157751.6,-248.40625,248.40625,-0.15721914,Train
1078,210000.0,209754.34,-245.65625,245.65625,-0.11697917,Train
1026,185000.0,184767.5,-232.5,232.5,-0.12567568,Train
332,307000.0,307231.7,231.6875,231.6875,0.07546824,Train
320,167500.0,167723.5,223.5,223.5,0.13343284,Train
946,140000.0,140204.19,204.1875,204.1875,0.14584821,Train
48,188000.0,188201.34,201.34375,201.34375,0.10709774,Train
212,167000.0,167184.75,184.75,184.75,0.11062874,Train
631,222500.0,222317.31,-182.6875,182.6875,-0.08210674,Train
450,185000.0,185178.7,178.70312,178.70312,0.096596286,Train
357,180000.0,180157.14,157.14062,157.14062,0.087300345,Train
282,143000.0,142849.9,-150.09375,150.09375,-0.104960665,Train
959,184000.0,184138.77,138.76562,138.76562,0.0754161,Train
202,187000.0,187113.44,113.4375,113.4375,0.060661763,Train
1156,160000.0,160111.61,111.609375,111.609375,0.06975586,Train
389,136900.0,136788.69,-111.3125,111.3125,-0.08130935,Train
621,143000.0,142890.77,-109.234375,109.234375,-0.07638767,Train
942,148000.0,148107.03,107.03125,107.03125,0.07231841,Train
213,145250.0,145145.94,-104.0625,104.0625,-0.07164372,Train
361,175000.0,175088.9,88.90625,88.90625,0.050803572,Train
691,108500.0,108421.125,-78.875,78.875,-0.07269585,Train
230,179665.0,179589.22,-75.78125,75.78125,-0.042179193,Train
707,100000.0,99927.02,-72.97656,72.97656,-0.07297656,Train
247,176000.0,175927.64,-72.359375,72.359375,-0.04111328,Train
467,214000.0,213950.45,-49.546875,49.546875,-0.023152744,Train
722,183200.0,183226.73,26.734375,26.734375,0.014593,Train
588,149900.0,149877.22,-22.78125,22.78125,-0.015197632,Train
57,145000.0,145022.75,22.75,22.75,0.015689654,Train
386,193000.0,192986.66,-13.34375,13.34375,-0.0069138603,Train
346,223500.0,223508.5,8.5,8.5,0.003803132,Train
812,138800.0,138793.16,-6.84375,6.84375,-0.0049306555,Train
193,156000.0,156003.83,3.828125,3.828125,0.0024539263,Train
